[
    {
      "nome": "Agatha",
      "dateOfBirth": "19/08/1994",
      "nasceuEmSp": "true",
      "id": 1, 
      "livros": [
        {"titulo": "You dont know JS", "leu": "true"},
        {"titulo": "Eloquente JavaScript", "leu": "true"},
        {"titulo": "Clean Code", "leu":"true"},
        {"titulo": "Cangaceiro JavaScript", "leu": "false"}
      ]
    },
    {
      "nome": "Aline",
      "dateOfBirth": "02/10/1994",
      "nasceuEmSp": "true",
      "id": 2,
      "livros": [
        {"titulo": "You dont know JS", "leu": "false"},
        {"titulo": "Eloquente JavaScript", "leu": "false"},
        {"titulo": "Clean Code", "leu":"true"},
        {"titulo": "Cangaceiro JavaScript", "leu": "false"}
    ]
    },
    {
      "nome": "Amanda",
      "dateOfBirth": "07/03/1994",
      "nasceuEmSp": "false",
      "id": 3,
      "livros": [
        {"titulo": "You dont know JS", "leu": "true"},
        {"titulo": "Eloquente JavaScript", "leu": "false"},
        {"titulo": "Clean Code", "leu":"true"},
        {"titulo": "Cangaceiro JavaScript", "leu": "false"}
    ]
    },
    {
      "nome": "Ana Gabriela",
      "dateOfBirth": "24/04/1998",
      "nasceuEmSp": "true",
      "id": 4,
      "livros": [
        {"titulo": "You dont know JS", "leu": "false"},
        {"titulo": "Eloquente JavaScript", "leu": "false"},
        {"titulo": "Clean Code", "leu":"true"},
        {"titulo": "Cangaceiro JavaScript", "leu": "true"}
    ]
    },
    {
      "nome": "Ana Paula",
      "dateOfBirth": "15/03/1997",
      "nasceuEmSp": "true",
      "id": 5,
      "livros": [
        {"titulo": "You dont know JS", "leu": "true"},
        {"titulo": "Eloquente JavaScript", "leu": "true"},
        {"titulo": "Clean Code", "leu":"false"},
        {"titulo": "Cangaceiro JavaScript", "leu": "false"}
    ]
    },
    {
      "nome": "Camila",
      "dateOfBirth": "24/04/1994",
      "nasceuEmSp": "false",
      "id": 6,
      "livros": [
        {"titulo": "You dont know JS", "leu": "true"},
        {"titulo": "Eloquente JavaScript", "leu": "false"},
        {"titulo": "Clean Code", "leu":"false"},
        {"titulo": "Cangaceiro JavaScript", "leu": "true"}
    ]
    },
    {
      "nome": "Dayane",
      "dateOfBirth": "16/12/1997",
      "nasceuEmSp": "false",
      "id": 7,
      "livros": [
        {"titulo": "You dont know JS", "leu": "true"},
        {"titulo": "Eloquente JavaScript", "leu": "false"},
        {"titulo": "Clean Code", "leu":"false"},
        {"titulo": "Cangaceiro JavaScript", "leu": "false"}
    ]
    },
    {
      "nome": "Mara",
      "dateOfBirth": "17/08/1989",
      "nasceuEmSp": "true",
      "id": 8,
      "livros": [
        {"titulo": "You dont know JS", "leu": "false"},
        {"titulo": "Eloquente JavaScript", "leu": "true"},
        {"titulo": "Clean Code", "leu":"false"},
        {"titulo": "Cangaceiro JavaScript", "leu": "false"}
    ]
    },
    {
      "nome": "Emily",
      "dateOfBirth": "03/06/1995",
      "nasceuEmSp": "false",
      "id": 9,
      "livros": [
        {"titulo": "You dont know JS", "leu": "false"},
        {"titulo": "Eloquente JavaScript", "leu": "true"},
        {"titulo": "Clean Code", "leu":"true"},
        {"titulo": "Cangaceiro JavaScript", "leu": "false"}
    ]
    },
    {
      "nome": "Evelyn",
      "dateOfBirth": "04/06/1998",
      "nasceuEmSp": "true",
      "id": 10,
      "livros": [
        {"titulo": "You dont know JS", "leu": "true"},
        {"titulo": "Eloquente JavaScript", "leu": "true"},
        {"titulo": "Clean Code", "leu":"true"},
        {"titulo": "Cangaceiro JavaScript", "leu": "true"}
    ]
    },
    {
      "nome": "Fernanda",
      "dateOfBirth": "07/10/1992",
      "nasceuEmSp": "true",
      "id": 11,
      "livros": [
        {"titulo": "You dont know JS", "leu": "false"},
        {"titulo": "Eloquente JavaScript", "leu": "false"},
        {"titulo": "Clean Code", "leu":"true"},
        {"titulo": "Cangaceiro JavaScript", "leu": "false"}
    ]
    },
    {
      "nome": "Francielle",
      "dateOfBirth": "11/08/1993",
      "nasceuEmSp": "true",
      "id": 12,
      "livros": [
        {"titulo": "You dont know JS", "leu": "false"},
        {"titulo": "Eloquente JavaScript", "leu": "true"},
        {"titulo": "Clean Code", "leu":"false"},
        {"titulo": "Cangaceiro JavaScript", "leu": "false"}
    ]
    },
    {
      "nome": "Gabrielle",
      "dateOfBirth": "05/02/1999",
      "nasceuEmSp": "true",
      "id": 13,
      "livros": [
        {"titulo": "You dont know JS", "leu": "true"},
        {"titulo": "Eloquente JavaScript", "leu": "false"},
        {"titulo": "Clean Code", "leu":"false"},
        {"titulo": "Cangaceiro JavaScript", "leu": "false"}
    ]
    },
    {
      "nome": "Grayce",
      "dateOfBirth": "10/05/1994",
      "nasceuEmSp": "true",
      "id": 14,
      "livros": [
        {"titulo": "You dont know JS", "leu": "false"},
        {"titulo": "Eloquente JavaScript", "leu": "false"},
        {"titulo": "Clean Code", "leu":"false"},
        {"titulo": "Cangaceiro JavaScript", "leu": "false"}
    ]
    },
    {
      "nome": "Hellen",
      "dateOfBirth": "15/05/1999",
      "nasceuEmSp": "true",
      "id": 15,
      "livros": [
        {"titulo": "You dont know JS", "leu": "true"},
        {"titulo": "Eloquente JavaScript", "leu": "false"},
        {"titulo": "Clean Code", "leu":"true"},
        {"titulo": "Cangaceiro JavaScript", "leu": "false"}
    ]
    },
    {
      "nome": "Isabela",
      "dateOfBirth": "21/09/1995",
      "nasceuEmSp": "true",
      "id": 16,
      "livros": [
        {"titulo": "You dont know JS", "leu": "true"},
        {"titulo": "Eloquente JavaScript", "leu": "true"},
        {"titulo": "Clean Code", "leu":"true"},
        {"titulo": "Cangaceiro JavaScript", "leu": "false"}
    ]
    },
    {
      "nome": "Isadora",
      "dateOfBirth": "03/05/1990",
      "nasceuEmSp": "true",
      "id": 17,
      "livros": [
        {"titulo": "You dont know JS", "leu": "false"},
        {"titulo": "Eloquente JavaScript", "leu": "false"},
        {"titulo": "Clean Code", "leu":"false"},
        {"titulo": "Cangaceiro JavaScript", "leu": "true"}
    ]
    },
    {
      "nome": "Jéssica Costa",
      "dateOfBirth": "23/12/1993",
      "nasceuEmSp": "true",
      "id": 18,
      "livros": [
        {"titulo": "You dont know JS", "leu": "true"},
        {"titulo": "Eloquente JavaScript", "leu": "true"},
        {"titulo": "Clean Code", "leu":"false"},
        {"titulo": "Cangaceiro JavaScript", "leu": "true"}
    ]
    },
    {
      "nome": "Jéssica Silva",
      "dateOfBirth": "02/04/1999",
      "nasceuEmSp": "true",
      "id": 19,
      "livros": [
        {"titulo": "You dont know JS", "leu": "false"},
        {"titulo": "Eloquente JavaScript", "leu": "true"},
        {"titulo": "Clean Code", "leu":"false"},
        {"titulo": "Cangaceiro JavaScript", "leu": "true"}
    ]
    },
    {
      "nome": "Joice",
      "dateOfBirth": "24/10/1996",
      "nasceuEmSp": "true",
      "id": 20,
      "livros": [
        {"titulo": "You dont know JS", "leu": "true"},
        {"titulo": "Eloquente JavaScript", "leu": "true"},
        {"titulo": "Clean Code", "leu":"true"},
        {"titulo": "Cangaceiro JavaScript", "leu": "true"}
    ]
    },
    {
      "nome": "Juliana",
      "dateOfBirth": "18/01/1997",
      "nasceuEmSp": "true",
      "id": 21,
      "livros": [
        {"titulo": "You dont know JS", "leu": "true"},
        {"titulo": "Eloquente JavaScript", "leu": "true"},
        {"titulo": "Clean Code", "leu":"false"},
        {"titulo": "Cangaceiro JavaScript", "leu": "true"}
    ]
    },
    {
      "nome": "Marcia",
      "dateOfBirth": "08/06/1993",
      "nasceuEmSp": "true",
      "id": 22,
      "livros": [
        {"titulo": "You dont know JS", "leu": "false"},
        {"titulo": "Eloquente JavaScript", "leu": "true"},
        {"titulo": "Clean Code", "leu":"false"},
        {"titulo": "Cangaceiro JavaScript", "leu": "true"}
    ]
    },
    {
      "nome": "Marina Neves",
      "dateOfBirth": "09/03/1993",
      "nasceuEmSp": "true",
      "id": 23,
      "livros": [
        {"titulo": "You dont know JS", "leu": "true"},
        {"titulo": "Eloquente JavaScript", "leu": "true"},
        {"titulo": "Clean Code", "leu":"false"},
        {"titulo": "Cangaceiro JavaScript", "leu": "true"}
    ]
    },
    {
      "nome": "Marina Sales",
      "dateOfBirth": "29/01/1996",
      "nasceuEmSp": "true",
      "id": 24,
      "livros": [
        {"titulo": "You dont know JS", "leu": "false"},
        {"titulo": "Eloquente JavaScript", "leu": "true"},
        {"titulo": "Clean Code", "leu":"false"},
        {"titulo": "Cangaceiro JavaScript", "leu": "true"}
    ]
    },
    {
      "nome": "Nataly",
      "dateOfBirth": "20/10/1996",
      "nasceuEmSp": "true",
      "id": 25,
      "livros": [
        {"titulo": "You dont know JS", "leu": "false"},
        {"titulo": "Eloquente JavaScript", "leu": "false"},
        {"titulo": "Clean Code", "leu":"false"},
        {"titulo": "Cangaceiro JavaScript", "leu": "true"}
    ]
    },
    {
      "nome": "Paula de Azevedo",
      "dateOfBirth": "22/12/1989",
      "nasceuEmSp": "false",
      "id": 26,
      "livros": [
        {"titulo": "You dont know JS", "leu": "true"},
        {"titulo": "Eloquente JavaScript", "leu": "true"},
        {"titulo": "Clean Code", "leu":"false"},
        {"titulo": "Cangaceiro JavaScript", "leu": "true"}
    ]
    },
    {
      "nome": "Paula Franco",
      "dateOfBirth": "08/11/1988",
      "nasceuEmSp": "true",
      "id": 27,
      "livros": [
        {"titulo": "You dont know JS", "leu": "false"},
        {"titulo": "Eloquente JavaScript", "leu": "true"},
        {"titulo": "Clean Code", "leu":"true"},
        {"titulo": "Cangaceiro JavaScript", "leu": "true"}
    ]
    },
    {
      "nome": "Priscila",
      "dateOfBirth": "24/09/1983",
      "nasceuEmSp": "true",
      "id": 28,
      "livros": [
        {"titulo": "You dont know JS", "leu": "true"},
        {"titulo": "Eloquente JavaScript", "leu": "true"},
        {"titulo": "Clean Code", "leu":"false"},
        {"titulo": "Cangaceiro JavaScript", "leu": "true"}
    ]
    },
    {
      "nome": "Regiane",
      "dateOfBirth": "10/04/1984",
      "nasceuEmSp": "true",
      "id": 29,
      "livros": [
        {"titulo": "You dont know JS", "leu": "false"},
        {"titulo": "Eloquente JavaScript", "leu": "false"},
        {"titulo": "Clean Code", "leu":"false"},
        {"titulo": "Cangaceiro JavaScript", "leu": "true"}
    ]
    },
    {
      "nome": "Sarah",
      "dateOfBirth": "04/08/1994",
      "nasceuEmSp": "true",
      "id": 30,
      "livros": [
        {"titulo": "You dont know JS", "leu": "true"},
        {"titulo": "Eloquente JavaScript", "leu": "true"},
        {"titulo": "Clean Code", "leu":"false"},
        {"titulo": "Cangaceiro JavaScript", "leu": "true"}
    ]
    },
    {
      "nome": "Stefanny",
      "dateOfBirth": "02/08/1997",
      "nasceuEmSp": "true",
      "id": 31,
      "livros": [
        {"titulo": "You dont know JS", "leu":"false"},
        {"titulo": "Eloquente JavaScript", "leu": "true"},
        {"titulo": "Clean Code", "leu":"false"},
        {"titulo": "Cangaceiro JavaScript", "leu": "false"}
    ]
    },
    {
      "nome": "Tatiani",
      "dateOfBirth": "03/05/1991",
      "nasceuEmSp": "true",
      "id": 32,
      "livros": [
        {"titulo": "You dont know JS", "leu": "false"},
        {"titulo": "Eloquente JavaScript", "leu": "false"},
        {"titulo": "Clean Code", "leu":"false"},
        {"titulo": "Cangaceiro JavaScript", "leu": "true"}
    ]
    },
    {
      "nome": "Thiele",
      "dateOfBirth": "17/02/1997",
      "nasceuEmSp": "true",
      "id": 33,
      "livros": [
        {"titulo": "You dont know JS", "leu": "false"},
        {"titulo": "Eloquente JavaScript", "leu": "true"},
        {"titulo": "Clean Code", "leu":"true"},
        {"titulo": "Cangaceiro JavaScript", "leu": "true"}
    ]
    },
    {
      "nome": "Tuany",
      "dateOfBirth": "30/04/1989",
      "nasceuEmSp": "true",
      "id": 34,
      "livros": [
        {"titulo": "You dont know JS", "leu": "true"},
        {"titulo": "Eloquente JavaScript", "leu": "true"},
        {"titulo": "Clean Code", "leu":"false"},
        {"titulo": "Cangaceiro JavaScript", "leu": "true"}
    ]
    }
]